n	uL	uR	sensor 0	sensor 1	sensor 2	sensor 3	sensor 4	sensor 5	error
0.0	0.0	0.0	1000.0	63.0	4.0	5.0	0.0	0.0	-2441.0
1.0	-400.0	400.0	1000.0	69.0	9.0	10.0	10.0	2.0	-2436.0
2.0	-400.0	400.0	1000.0	63.0	4.0	5.0	0.0	0.0	-2441.0
3.0	-400.0	400.0	1000.0	184.0	50.0	0.0	0.0	0.0	-2345.0
4.0	-400.0	400.0	816.0	554.0	50.0	0.0	0.0	0.0	-2096.0
5.0	-400.0	400.0	101.0	1000.0	91.0	0.0	48.0	0.0	-1509.0
6.0	-301.0	301.0	0.0	1000.0	247.0	56.0	53.0	0.0	-1118.0
7.0	-223.0	223.0	0.0	491.0	788.0	51.0	53.0	0.0	-742.0
8.0	-148.0	148.0	0.0	52.0	1000.0	158.0	48.0	0.0	-413.0
9.0	-82.0	82.0	0.0	0.0	697.0	489.0	53.0	0.0	-20.0
10.0	-4.0	4.0	0.0	0.0	394.0	882.0	53.0	0.0	243.0
11.0	48.0	-48.0	0.0	0.0	247.0	1000.0	53.0	0.0	350.0
12.0	70.0	-70.0	0.0	0.0	238.0	1000.0	107.0	0.0	402.0
13.0	80.0	-80.0	0.0	0.0	243.0	1000.0	53.0	0.0	353.0
14.0	70.0	-70.0	3.0	5.0	252.0	1000.0	64.0	2.0	357.0
15.0	71.0	-71.0	0.0	0.0	344.0	943.0	53.0	0.0	282.0
16.0	56.0	-56.0	0.0	0.0	389.0	887.0	53.0	0.0	247.0
17.0	49.0	-49.0	0.0	5.0	399.0	831.0	59.0	0.0	236.0
18.0	47.0	-47.0	0.0	0.0	444.0	775.0	53.0	0.0	192.0
19.0	38.0	-38.0	0.0	0.0	486.0	770.0	53.0	0.0	169.0
20.0	33.0	-33.0	0.0	0.0	490.0	770.0	53.0	0.0	167.0
21.0	33.0	-33.0	0.0	0.0	495.0	775.0	53.0	0.0	165.0
22.0	33.0	-33.0	0.0	0.0	490.0	775.0	53.0	0.0	168.0
23.0	33.0	-33.0	0.0	0.0	490.0	765.0	53.0	0.0	165.0
24.0	33.0	-33.0	0.0	0.0	495.0	770.0	48.0	0.0	108.0
25.0	21.0	-21.0	0.0	0.0	490.0	775.0	53.0	0.0	168.0
26.0	33.0	-33.0	0.0	0.0	490.0	765.0	53.0	0.0	165.0
27.0	33.0	-33.0	0.0	0.0	495.0	775.0	53.0	0.0	165.0
28.0	33.0	-33.0	0.0	0.0	495.0	775.0	53.0	0.0	165.0
29.0	33.0	-33.0	0.0	0.0	486.0	765.0	53.0	0.0	167.0
30.0	33.0	-33.0	3.0	5.0	495.0	775.0	59.0	0.0	171.0
31.0	34.0	-34.0	0.0	0.0	495.0	775.0	53.0	0.0	165.0
32.0	33.0	-33.0	0.0	0.0	486.0	765.0	53.0	0.0	167.0
33.0	33.0	-33.0	0.0	11.0	500.0	775.0	64.0	2.0	174.0
34.0	34.0	-34.0	0.0	0.0	495.0	775.0	53.0	0.0	165.0
35.0	33.0	-33.0	0.0	0.0	490.0	770.0	53.0	0.0	167.0
36.0	33.0	-33.0	0.0	0.0	490.0	765.0	53.0	0.0	165.0
37.0	33.0	-33.0	0.0	0.0	495.0	775.0	53.0	0.0	165.0
38.0	33.0	-33.0	0.0	0.0	486.0	775.0	53.0	0.0	170.0
39.0	34.0	-34.0	0.0	0.0	486.0	765.0	53.0	0.0	167.0
40.0	33.0	-33.0	0.0	0.0	495.0	775.0	53.0	0.0	165.0
41.0	33.0	-33.0	0.0	0.0	490.0	775.0	53.0	0.0	168.0
42.0	33.0	-33.0	0.0	0.0	490.0	765.0	53.0	0.0	165.0
43.0	33.0	-33.0	0.0	0.0	495.0	775.0	53.0	0.0	165.0
44.0	33.0	-33.0	0.0	0.0	495.0	775.0	53.0	0.0	165.0
45.0	33.0	-33.0	0.0	0.0	490.0	765.0	53.0	0.0	165.0
46.0	33.0	-33.0	3.0	5.0	495.0	775.0	59.0	0.0	171.0
47.0	34.0	-34.0	0.0	0.0	495.0	770.0	48.0	0.0	108.0
48.0	21.0	-21.0	0.0	0.0	490.0	765.0	53.0	0.0	165.0
49.0	33.0	-33.0	0.0	11.0	500.0	775.0	64.0	2.0	174.0
50.0	34.0	-34.0	0.0	0.0	500.0	775.0	53.0	0.0	163.0
51.0	32.0	-32.0	0.0	0.0	490.0	765.0	53.0	0.0	165.0
52.0	33.0	-33.0	0.0	0.0	490.0	765.0	53.0	0.0	165.0
53.0	33.0	-33.0	0.0	0.0	495.0	770.0	48.0	0.0	108.0
54.0	21.0	-21.0	0.0	0.0	490.0	775.0	53.0	0.0	168.0
55.0	33.0	-33.0	0.0	0.0	486.0	765.0	53.0	0.0	167.0
56.0	33.0	-33.0	0.0	0.0	495.0	775.0	53.0	0.0	165.0
57.0	33.0	-33.0	0.0	0.0	486.0	775.0	53.0	0.0	170.0
58.0	34.0	-34.0	0.0	0.0	490.0	770.0	53.0	0.0	167.0
59.0	33.0	-33.0	0.0	0.0	495.0	775.0	53.0	0.0	165.0
60.0	33.0	-33.0	0.0	0.0	495.0	775.0	53.0	0.0	165.0
61.0	33.0	-33.0	0.0	0.0	486.0	765.0	53.0	0.0	167.0
62.0	33.0	-33.0	3.0	5.0	495.0	775.0	59.0	0.0	171.0
63.0	34.0	-34.0	0.0	0.0	495.0	775.0	53.0	0.0	165.0
64.0	33.0	-33.0	0.0	0.0	486.0	765.0	53.0	0.0	167.0
65.0	33.0	-33.0	0.0	11.0	500.0	775.0	64.0	2.0	174.0
66.0	34.0	-34.0	0.0	0.0	449.0	775.0	53.0	0.0	189.0
67.0	37.0	-37.0	0.0	0.0	486.0	775.0	53.0	0.0	170.0
68.0	34.0	-34.0	0.0	0.0	486.0	765.0	53.0	0.0	167.0
69.0	33.0	-33.0	0.0	0.0	495.0	770.0	48.0	0.0	108.0
70.0	21.0	-21.0	0.0	0.0	490.0	775.0	53.0	0.0	168.0
71.0	33.0	-33.0	0.0	0.0	486.0	765.0	53.0	0.0	167.0
72.0	33.0	-33.0	0.0	0.0	495.0	775.0	53.0	0.0	165.0
73.0	33.0	-33.0	0.0	0.0	490.0	775.0	53.0	0.0	168.0
74.0	33.0	-33.0	0.0	0.0	486.0	765.0	53.0	0.0	167.0
75.0	33.0	-33.0	0.0	0.0	495.0	775.0	53.0	0.0	165.0
76.0	33.0	-33.0	0.0	0.0	495.0	775.0	53.0	0.0	165.0
77.0	33.0	-33.0	0.0	0.0	490.0	765.0	53.0	0.0	165.0
78.0	33.0	-33.0	0.0	0.0	495.0	770.0	59.0	0.0	170.0
79.0	34.0	-34.0	0.0	0.0	495.0	775.0	53.0	0.0	165.0
80.0	33.0	-33.0	0.0	0.0	490.0	765.0	53.0	0.0	165.0
81.0	33.0	-33.0	0.0	5.0	495.0	775.0	64.0	2.0	176.0
82.0	35.0	-35.0	0.0	0.0	495.0	770.0	53.0	0.0	164.0
83.0	32.0	-32.0	0.0	0.0	486.0	770.0	48.0	0.0	113.0
84.0	22.0	-22.0	0.0	0.0	490.0	770.0	53.0	0.0	167.0
85.0	33.0	-33.0	0.0	0.0	495.0	775.0	53.0	0.0	165.0
86.0	33.0	-33.0	0.0	0.0	486.0	775.0	53.0	0.0	170.0
87.0	34.0	-34.0	0.0	0.0	486.0	765.0	53.0	0.0	167.0
88.0	33.0	-33.0	0.0	0.0	495.0	770.0	48.0	0.0	108.0
89.0	21.0	-21.0	0.0	0.0	486.0	775.0	53.0	0.0	170.0
90.0	34.0	-34.0	0.0	0.0	486.0	765.0	53.0	0.0	167.0
91.0	33.0	-33.0	0.0	0.0	495.0	775.0	53.0	0.0	165.0
92.0	33.0	-33.0	0.0	0.0	495.0	775.0	53.0	0.0	165.0
93.0	33.0	-33.0	0.0	0.0	486.0	765.0	48.0	0.0	111.0
94.0	22.0	-22.0	3.0	5.0	495.0	775.0	59.0	0.0	171.0
95.0	34.0	-34.0	0.0	0.0	495.0	775.0	53.0	0.0	165.0
96.0	33.0	-33.0	0.0	0.0	486.0	765.0	53.0	0.0	167.0
97.0	33.0	-33.0	0.0	5.0	495.0	775.0	59.0	0.0	171.0
98.0	34.0	-34.0	0.0	0.0	495.0	775.0	53.0	0.0	165.0
99.0	33.0	-33.0	0.0	0.0	490.0	765.0	53.0	0.0	165.0
100.0	33.0	-33.0	0.0	0.0	490.0	770.0	53.0	0.0	167.0
101.0	33.0	-33.0	0.0	0.0	500.0	775.0	53.0	0.0	163.0
102.0	32.0	-32.0	0.0	0.0	486.0	775.0	53.0	0.0	170.0
103.0	34.0	-34.0	0.0	0.0	486.0	765.0	48.0	0.0	111.0
104.0	22.0	-22.0	0.0	0.0	500.0	775.0	53.0	0.0	163.0
105.0	32.0	-32.0	0.0	0.0	490.0	775.0	53.0	0.0	168.0
106.0	33.0	-33.0	0.0	0.0	490.0	765.0	53.0	0.0	165.0
107.0	33.0	-33.0	0.0	0.0	495.0	770.0	48.0	0.0	108.0
108.0	21.0	-21.0	0.0	0.0	495.0	775.0	53.0	0.0	165.0
109.0	33.0	-33.0	0.0	0.0	486.0	765.0	48.0	0.0	111.0
110.0	22.0	-22.0	0.0	0.0	495.0	770.0	59.0	0.0	170.0
111.0	34.0	-34.0	0.0	0.0	500.0	775.0	53.0	0.0	163.0
112.0	32.0	-32.0	0.0	0.0	490.0	765.0	53.0	0.0	165.0
113.0	33.0	-33.0	0.0	5.0	495.0	775.0	59.0	0.0	171.0
114.0	34.0	-34.0	0.0	0.0	495.0	775.0	53.0	0.0	165.0
115.0	33.0	-33.0	0.0	0.0	490.0	765.0	53.0	0.0	165.0
116.0	33.0	-33.0	0.0	0.0	440.0	765.0	53.0	0.0	192.0
117.0	38.0	-38.0	0.0	0.0	500.0	775.0	53.0	0.0	163.0
118.0	32.0	-32.0	0.0	0.0	486.0	775.0	53.0	0.0	170.0
119.0	34.0	-34.0	0.0	0.0	490.0	765.0	53.0	0.0	165.0
120.0	33.0	-33.0	0.0	0.0	500.0	775.0	53.0	0.0	163.0
121.0	32.0	-32.0	0.0	0.0	490.0	775.0	53.0	0.0	168.0
122.0	33.0	-33.0	0.0	0.0	486.0	765.0	48.0	0.0	111.0
123.0	22.0	-22.0	0.0	0.0	495.0	775.0	53.0	0.0	165.0
124.0	33.0	-33.0	0.0	0.0	495.0	770.0	48.0	0.0	108.0
125.0	21.0	-21.0	0.0	0.0	490.0	765.0	53.0	0.0	165.0
126.0	33.0	-33.0	0.0	0.0	495.0	770.0	59.0	0.0	170.0
127.0	34.0	-34.0	0.0	0.0	495.0	770.0	48.0	0.0	108.0
128.0	21.0	-21.0	0.0	0.0	486.0	765.0	53.0	0.0	167.0
129.0	33.0	-33.0	0.0	5.0	495.0	775.0	64.0	2.0	176.0
130.0	35.0	-35.0	0.0	0.0	500.0	775.0	53.0	0.0	163.0
131.0	32.0	-32.0	0.0	0.0	486.0	775.0	53.0	0.0	170.0
132.0	34.0	-34.0	0.0	0.0	486.0	765.0	53.0	0.0	167.0
133.0	33.0	-33.0	0.0	0.0	495.0	775.0	53.0	0.0	165.0
134.0	33.0	-33.0	0.0	0.0	486.0	775.0	53.0	0.0	170.0
135.0	34.0	-34.0	0.0	0.0	490.0	765.0	53.0	0.0	165.0
136.0	33.0	-33.0	0.0	0.0	495.0	770.0	48.0	0.0	108.0
137.0	21.0	-21.0	0.0	0.0	486.0	770.0	48.0	0.0	113.0
138.0	22.0	-22.0	0.0	0.0	486.0	765.0	48.0	0.0	111.0
139.0	22.0	-22.0	0.0	0.0	500.0	775.0	53.0	0.0	163.0
140.0	32.0	-32.0	0.0	0.0	495.0	775.0	53.0	0.0	165.0
141.0	33.0	-33.0	0.0	0.0	490.0	770.0	53.0	0.0	167.0
142.0	33.0	-33.0	3.0	5.0	495.0	775.0	59.0	0.0	171.0
143.0	34.0	-34.0	0.0	0.0	495.0	775.0	53.0	0.0	165.0
144.0	33.0	-33.0	0.0	0.0	490.0	770.0	53.0	0.0	167.0
145.0	33.0	-33.0	0.0	11.0	500.0	775.0	64.0	2.0	174.0
146.0	34.0	-34.0	0.0	0.0	495.0	775.0	53.0	0.0	165.0
147.0	33.0	-33.0	0.0	0.0	486.0	775.0	53.0	0.0	170.0
148.0	34.0	-34.0	0.0	0.0	486.0	765.0	53.0	0.0	167.0
149.0	33.0	-33.0	0.0	0.0	495.0	770.0	53.0	0.0	164.0
150.0	32.0	-32.0	0.0	0.0	490.0	775.0	53.0	0.0	168.0
151.0	33.0	-33.0	0.0	0.0	490.0	765.0	53.0	0.0	165.0
152.0	33.0	-33.0	0.0	0.0	500.0	775.0	53.0	0.0	163.0
153.0	32.0	-32.0	0.0	0.0	490.0	775.0	53.0	0.0	168.0
154.0	33.0	-33.0	0.0	0.0	490.0	765.0	53.0	0.0	165.0
155.0	33.0	-33.0	0.0	0.0	495.0	770.0	48.0	0.0	108.0
156.0	21.0	-21.0	0.0	0.0	495.0	775.0	53.0	0.0	165.0
157.0	33.0	-33.0	0.0	0.0	486.0	765.0	53.0	0.0	167.0
158.0	33.0	-33.0	0.0	0.0	495.0	770.0	59.0	0.0	170.0
159.0	34.0	-34.0	0.0	0.0	495.0	770.0	48.0	0.0	108.0
160.0	21.0	-21.0	0.0	0.0	490.0	765.0	53.0	0.0	165.0
161.0	33.0	-33.0	0.0	5.0	500.0	775.0	64.0	2.0	174.0
162.0	34.0	-34.0	0.0	0.0	495.0	775.0	53.0	0.0	165.0
163.0	33.0	-33.0	0.0	0.0	490.0	775.0	53.0	0.0	168.0
164.0	33.0	-33.0	0.0	0.0	490.0	770.0	53.0	0.0	167.0
165.0	33.0	-33.0	0.0	0.0	495.0	775.0	53.0	0.0	165.0
166.0	33.0	-33.0	0.0	0.0	490.0	775.0	53.0	0.0	168.0
167.0	33.0	-33.0	0.0	0.0	486.0	765.0	53.0	0.0	167.0
168.0	33.0	-33.0	0.0	0.0	500.0	775.0	53.0	0.0	163.0
169.0	32.0	-32.0	0.0	0.0	486.0	775.0	53.0	0.0	170.0
170.0	34.0	-34.0	0.0	0.0	486.0	765.0	48.0	0.0	111.0
171.0	22.0	-22.0	0.0	0.0	495.0	775.0	53.0	0.0	165.0
172.0	33.0	-33.0	0.0	0.0	495.0	775.0	53.0	0.0	165.0
173.0	33.0	-33.0	0.0	0.0	490.0	765.0	53.0	0.0	165.0
174.0	33.0	-33.0	3.0	5.0	495.0	775.0	64.0	2.0	176.0
175.0	35.0	-35.0	0.0	0.0	495.0	775.0	53.0	0.0	165.0
176.0	33.0	-33.0	0.0	0.0	490.0	770.0	53.0	0.0	167.0
177.0	33.0	-33.0	0.0	5.0	500.0	775.0	64.0	2.0	174.0
178.0	34.0	-34.0	0.0	0.0	495.0	775.0	53.0	0.0	165.0
179.0	33.0	-33.0	0.0	0.0	490.0	775.0	53.0	0.0	168.0
180.0	33.0	-33.0	0.0	0.0	490.0	770.0	53.0	0.0	167.0
181.0	33.0	-33.0	0.0	0.0	495.0	775.0	53.0	0.0	165.0
182.0	33.0	-33.0	0.0	0.0	490.0	775.0	53.0	0.0	168.0
183.0	33.0	-33.0	0.0	0.0	490.0	770.0	53.0	0.0	167.0
184.0	33.0	-33.0	0.0	0.0	495.0	775.0	53.0	0.0	165.0
185.0	33.0	-33.0	0.0	0.0	490.0	775.0	53.0	0.0	168.0
186.0	33.0	-33.0	0.0	0.0	490.0	765.0	53.0	0.0	165.0
187.0	33.0	-33.0	0.0	0.0	495.0	775.0	53.0	0.0	165.0
188.0	33.0	-33.0	0.0	0.0	495.0	770.0	48.0	0.0	108.0
189.0	21.0	-21.0	0.0	0.0	490.0	770.0	53.0	0.0	167.0
190.0	33.0	-33.0	3.0	5.0	495.0	775.0	59.0	0.0	171.0
191.0	34.0	-34.0	0.0	0.0	500.0	775.0	53.0	0.0	163.0
192.0	32.0	-32.0	0.0	0.0	490.0	765.0	53.0	0.0	165.0
193.0	33.0	-33.0	0.0	11.0	500.0	775.0	64.0	2.0	174.0
194.0	34.0	-34.0	0.0	0.0	495.0	775.0	53.0	0.0	165.0
195.0	33.0	-33.0	0.0	0.0	486.0	775.0	53.0	0.0	170.0
196.0	34.0	-34.0	0.0	0.0	490.0	765.0	53.0	0.0	165.0
197.0	33.0	-33.0	0.0	0.0	495.0	775.0	53.0	0.0	165.0
198.0	33.0	-33.0	0.0	0.0	486.0	775.0	53.0	0.0	170.0
199.0	34.0	-34.0	0.0	0.0	486.0	765.0	53.0	0.0	167.0
200.0	33.0	-33.0	0.0	0.0	495.0	775.0	53.0	0.0	165.0
201.0	33.0	-33.0	0.0	0.0	490.0	775.0	53.0	0.0	168.0
202.0	33.0	-33.0	0.0	0.0	490.0	765.0	53.0	0.0	165.0
203.0	33.0	-33.0	0.0	0.0	495.0	775.0	53.0	0.0	165.0
204.0	33.0	-33.0	0.0	0.0	495.0	775.0	53.0	0.0	165.0
205.0	33.0	-33.0	0.0	0.0	486.0	765.0	53.0	0.0	167.0
206.0	33.0	-33.0	3.0	5.0	495.0	775.0	64.0	2.0	176.0
207.0	35.0	-35.0	0.0	0.0	495.0	775.0	53.0	0.0	165.0
208.0	33.0	-33.0	0.0	0.0	490.0	765.0	53.0	0.0	165.0
209.0	33.0	-33.0	0.0	5.0	500.0	775.0	64.0	2.0	174.0
210.0	34.0	-34.0	0.0	0.0	495.0	775.0	53.0	0.0	165.0
211.0	33.0	-33.0	0.0	0.0	490.0	765.0	53.0	0.0	165.0
212.0	33.0	-33.0	0.0	0.0	490.0	765.0	53.0	0.0	165.0
213.0	33.0	-33.0	0.0	0.0	500.0	775.0	53.0	0.0	163.0
214.0	32.0	-32.0	0.0	0.0	486.0	775.0	53.0	0.0	170.0
215.0	34.0	-34.0	0.0	0.0	490.0	765.0	53.0	0.0	165.0
216.0	33.0	-33.0	0.0	0.0	500.0	775.0	53.0	0.0	163.0
217.0	32.0	-32.0	0.0	0.0	486.0	775.0	53.0	0.0	170.0
218.0	34.0	-34.0	0.0	0.0	490.0	770.0	53.0	0.0	167.0
219.0	33.0	-33.0	0.0	0.0	495.0	775.0	53.0	0.0	165.0
220.0	33.0	-33.0	0.0	0.0	500.0	775.0	53.0	0.0	163.0
221.0	32.0	-32.0	0.0	0.0	490.0	770.0	53.0	0.0	167.0
222.0	33.0	-33.0	3.0	5.0	495.0	775.0	59.0	0.0	171.0
223.0	34.0	-34.0	0.0	0.0	495.0	775.0	53.0	0.0	165.0
224.0	33.0	-33.0	0.0	0.0	486.0	765.0	53.0	0.0	167.0
225.0	33.0	-33.0	0.0	5.0	500.0	775.0	64.0	2.0	174.0
226.0	34.0	-34.0	0.0	0.0	500.0	775.0	53.0	0.0	163.0
227.0	32.0	-32.0	0.0	0.0	486.0	770.0	53.0	0.0	169.0
228.0	33.0	-33.0	0.0	0.0	486.0	765.0	53.0	0.0	167.0
229.0	33.0	-33.0	0.0	0.0	495.0	770.0	48.0	0.0	108.0
230.0	21.0	-21.0	0.0	0.0	486.0	775.0	53.0	0.0	170.0
231.0	34.0	-34.0	0.0	0.0	486.0	765.0	48.0	0.0	111.0
232.0	22.0	-22.0	0.0	0.0	495.0	775.0	53.0	0.0	165.0
233.0	33.0	-33.0	0.0	0.0	490.0	775.0	53.0	0.0	168.0
234.0	33.0	-33.0	0.0	0.0	486.0	765.0	48.0	0.0	111.0
235.0	22.0	-22.0	0.0	0.0	495.0	775.0	53.0	0.0	165.0
236.0	33.0	-33.0	0.0	0.0	500.0	775.0	53.0	0.0	163.0
237.0	32.0	-32.0	0.0	0.0	490.0	765.0	53.0	0.0	165.0
238.0	33.0	-33.0	3.0	5.0	495.0	775.0	64.0	2.0	176.0
239.0	35.0	-35.0	0.0	0.0	495.0	775.0	53.0	0.0	165.0
240.0	33.0	-33.0	0.0	0.0	490.0	770.0	53.0	0.0	167.0
241.0	33.0	-33.0	0.0	5.0	495.0	775.0	59.0	0.0	171.0
242.0	34.0	-34.0	0.0	0.0	495.0	775.0	53.0	0.0	165.0
243.0	33.0	-33.0	0.0	0.0	486.0	775.0	53.0	0.0	170.0
244.0	34.0	-34.0	0.0	0.0	490.0	770.0	53.0	0.0	167.0
245.0	33.0	-33.0	0.0	0.0	495.0	775.0	53.0	0.0	165.0
246.0	33.0	-33.0	0.0	0.0	490.0	775.0	53.0	0.0	168.0
247.0	33.0	-33.0	0.0	0.0	486.0	765.0	48.0	0.0	111.0
248.0	22.0	-22.0	0.0	0.0	495.0	770.0	48.0	0.0	108.0
249.0	21.0	-21.0	0.0	0.0	490.0	775.0	53.0	0.0	168.0
250.0	33.0	-33.0	0.0	0.0	486.0	765.0	53.0	0.0	167.0
251.0	33.0	-33.0	0.0	0.0	495.0	775.0	53.0	0.0	165.0
252.0	33.0	-33.0	0.0	0.0	495.0	775.0	53.0	0.0	165.0
253.0	33.0	-33.0	0.0	0.0	490.0	765.0	53.0	0.0	165.0
254.0	33.0	-33.0	3.0	5.0	495.0	775.0	59.0	0.0	171.0
255.0	34.0	-34.0	0.0	0.0	495.0	775.0	53.0	0.0	165.0
256.0	33.0	-33.0	0.0	0.0	486.0	765.0	48.0	0.0	111.0
257.0	22.0	-22.0	0.0	5.0	495.0	775.0	59.0	0.0	171.0
258.0	34.0	-34.0	0.0	0.0	495.0	775.0	53.0	0.0	165.0
259.0	33.0	-33.0	0.0	0.0	490.0	765.0	53.0	0.0	165.0
260.0	33.0	-33.0	0.0	0.0	490.0	770.0	53.0	0.0	167.0
261.0	33.0	-33.0	0.0	0.0	495.0	775.0	53.0	0.0	165.0
262.0	33.0	-33.0	0.0	0.0	486.0	775.0	53.0	0.0	170.0
263.0	34.0	-34.0	0.0	0.0	486.0	765.0	53.0	0.0	167.0
264.0	33.0	-33.0	0.0	0.0	495.0	775.0	53.0	0.0	165.0
265.0	33.0	-33.0	0.0	0.0	490.0	775.0	53.0	0.0	168.0
266.0	33.0	-33.0	0.0	0.0	490.0	765.0	53.0	0.0	165.0
267.0	33.0	-33.0	0.0	0.0	495.0	775.0	53.0	0.0	165.0
268.0	33.0	-33.0	0.0	0.0	495.0	775.0	53.0	0.0	165.0
269.0	33.0	-33.0	0.0	0.0	490.0	770.0	53.0	0.0	167.0
270.0	33.0	-33.0	3.0	5.0	495.0	775.0	59.0	0.0	171.0
271.0	34.0	-34.0	0.0	0.0	495.0	775.0	53.0	0.0	165.0
272.0	33.0	-33.0	0.0	0.0	490.0	765.0	53.0	0.0	165.0
273.0	33.0	-33.0	0.0	11.0	500.0	775.0	64.0	2.0	174.0
274.0	34.0	-34.0	0.0	0.0	495.0	770.0	48.0	0.0	108.0
275.0	21.0	-21.0	0.0	0.0	486.0	775.0	53.0	0.0	170.0
276.0	34.0	-34.0	0.0	0.0	490.0	770.0	53.0	0.0	167.0
277.0	33.0	-33.0	0.0	0.0	500.0	775.0	53.0	0.0	163.0
278.0	32.0	-32.0	0.0	0.0	486.0	770.0	48.0	0.0	113.0
279.0	22.0	-22.0	0.0	0.0	490.0	765.0	53.0	0.0	165.0
280.0	33.0	-33.0	0.0	0.0	495.0	775.0	53.0	0.0	165.0
281.0	33.0	-33.0	0.0	0.0	486.0	770.0	53.0	0.0	169.0
282.0	33.0	-33.0	0.0	0.0	490.0	765.0	53.0	0.0	165.0
283.0	33.0	-33.0	0.0	0.0	495.0	775.0	53.0	0.0	165.0
284.0	33.0	-33.0	0.0	0.0	500.0	775.0	53.0	0.0	163.0
285.0	32.0	-32.0	0.0	0.0	486.0	765.0	48.0	0.0	111.0
286.0	22.0	-22.0	3.0	5.0	495.0	770.0	59.0	0.0	170.0
287.0	34.0	-34.0	0.0	0.0	495.0	775.0	53.0	0.0	165.0
288.0	33.0	-33.0	0.0	0.0	490.0	770.0	53.0	0.0	167.0
289.0	33.0	-33.0	0.0	5.0	495.0	775.0	64.0	2.0	176.0
290.0	35.0	-35.0	0.0	0.0	495.0	770.0	48.0	0.0	108.0
291.0	21.0	-21.0	0.0	0.0	486.0	775.0	53.0	0.0	170.0
292.0	34.0	-34.0	0.0	0.0	490.0	765.0	53.0	0.0	165.0
293.0	33.0	-33.0	0.0	0.0	495.0	775.0	53.0	0.0	165.0
294.0	33.0	-33.0	0.0	0.0	486.0	770.0	48.0	0.0	113.0
295.0	22.0	-22.0	0.0	0.0	486.0	765.0	48.0	0.0	111.0
296.0	22.0	-22.0	0.0	0.0	495.0	770.0	48.0	0.0	108.0
297.0	21.0	-21.0	0.0	0.0	490.0	775.0	53.0	0.0	168.0
298.0	33.0	-33.0	0.0	0.0	486.0	765.0	53.0	0.0	167.0
299.0	33.0	-33.0	0.0	0.0	495.0	775.0	53.0	0.0	165.0
300.0	33.0	-33.0	0.0	0.0	495.0	775.0	53.0	0.0	165.0
301.0	33.0	-33.0	0.0	0.0	486.0	765.0	48.0	0.0	111.0
302.0	22.0	-22.0	3.0	5.0	500.0	775.0	64.0	2.0	174.0
303.0	34.0	-34.0	0.0	0.0	495.0	775.0	53.0	0.0	165.0
304.0	33.0	-33.0	0.0	0.0	490.0	770.0	53.0	0.0	167.0
305.0	33.0	-33.0	0.0	5.0	495.0	775.0	64.0	2.0	176.0
306.0	35.0	-35.0	0.0	0.0	495.0	775.0	53.0	0.0	165.0
307.0	33.0	-33.0	0.0	0.0	486.0	770.0	48.0	0.0	113.0
308.0	22.0	-22.0	0.0	0.0	490.0	770.0	53.0	0.0	167.0
309.0	33.0	-33.0	0.0	0.0	495.0	775.0	53.0	0.0	165.0
310.0	33.0	-33.0	0.0	0.0	486.0	775.0	53.0	0.0	170.0
311.0	34.0	-34.0	0.0	0.0	490.0	765.0	53.0	0.0	165.0
312.0	33.0	-33.0	0.0	0.0	495.0	775.0	53.0	0.0	165.0
313.0	33.0	-33.0	0.0	0.0	486.0	770.0	48.0	0.0	113.0
314.0	22.0	-22.0	0.0	0.0	490.0	765.0	53.0	0.0	165.0
315.0	33.0	-33.0	0.0	0.0	495.0	775.0	53.0	0.0	165.0
316.0	33.0	-33.0	0.0	0.0	495.0	775.0	53.0	0.0	165.0
317.0	33.0	-33.0	0.0	0.0	490.0	765.0	53.0	0.0	165.0
318.0	33.0	-33.0	3.0	5.0	495.0	775.0	64.0	2.0	176.0
319.0	35.0	-35.0	0.0	0.0	500.0	775.0	53.0	0.0	163.0
320.0	32.0	-32.0	0.0	0.0	486.0	765.0	48.0	0.0	111.0
321.0	22.0	-22.0	0.0	5.0	495.0	775.0	64.0	2.0	176.0
322.0	35.0	-35.0	0.0	0.0	495.0	775.0	53.0	0.0	165.0
323.0	33.0	-33.0	0.0	0.0	486.0	775.0	53.0	0.0	170.0
324.0	34.0	-34.0	0.0	0.0	490.0	770.0	53.0	0.0	167.0
325.0	33.0	-33.0	0.0	0.0	495.0	770.0	48.0	0.0	108.0
326.0	21.0	-21.0	0.0	0.0	490.0	775.0	53.0	0.0	168.0
327.0	33.0	-33.0	0.0	0.0	490.0	765.0	53.0	0.0	165.0
328.0	33.0	-33.0	0.0	0.0	495.0	775.0	53.0	0.0	165.0
329.0	33.0	-33.0	0.0	0.0	490.0	775.0	53.0	0.0	168.0
330.0	33.0	-33.0	0.0	0.0	490.0	765.0	53.0	0.0	165.0
331.0	33.0	-33.0	0.0	0.0	495.0	775.0	53.0	0.0	165.0
332.0	33.0	-33.0	0.0	0.0	495.0	770.0	48.0	0.0	108.0
333.0	21.0	-21.0	0.0	0.0	486.0	765.0	53.0	0.0	167.0
334.0	33.0	-33.0	3.0	5.0	495.0	770.0	59.0	0.0	170.0
335.0	34.0	-34.0	0.0	0.0	495.0	770.0	53.0	0.0	164.0
336.0	32.0	-32.0	0.0	0.0	486.0	765.0	53.0	0.0	167.0
337.0	33.0	-33.0	0.0	5.0	495.0	775.0	59.0	0.0	171.0
338.0	34.0	-34.0	0.0	0.0	495.0	775.0	53.0	0.0	165.0
339.0	33.0	-33.0	0.0	0.0	490.0	770.0	53.0	0.0	167.0
340.0	33.0	-33.0	0.0	0.0	490.0	770.0	53.0	0.0	167.0
341.0	33.0	-33.0	0.0	0.0	495.0	770.0	48.0	0.0	108.0
342.0	21.0	-21.0	0.0	0.0	490.0	775.0	53.0	0.0	168.0
343.0	33.0	-33.0	0.0	0.0	490.0	765.0	53.0	0.0	165.0
344.0	33.0	-33.0	0.0	0.0	495.0	775.0	53.0	0.0	165.0
345.0	33.0	-33.0	0.0	0.0	486.0	775.0	53.0	0.0	170.0
346.0	34.0	-34.0	0.0	0.0	486.0	765.0	53.0	0.0	167.0
347.0	33.0	-33.0	0.0	0.0	495.0	770.0	53.0	0.0	164.0
348.0	32.0	-32.0	0.0	0.0	495.0	775.0	53.0	0.0	165.0
349.0	33.0	-33.0	0.0	0.0	490.0	765.0	53.0	0.0	165.0
350.0	33.0	-33.0	3.0	5.0	495.0	775.0	59.0	0.0	171.0
351.0	34.0	-34.0	0.0	0.0	495.0	775.0	53.0	0.0	165.0
352.0	33.0	-33.0	0.0	0.0	486.0	765.0	53.0	0.0	167.0
353.0	33.0	-33.0	0.0	5.0	495.0	775.0	64.0	2.0	176.0
354.0	35.0	-35.0	0.0	0.0	495.0	775.0	53.0	0.0	165.0
355.0	33.0	-33.0	0.0	0.0	490.0	765.0	53.0	0.0	165.0
356.0	33.0	-33.0	0.0	0.0	490.0	765.0	53.0	0.0	165.0
357.0	33.0	-33.0	0.0	0.0	495.0	775.0	53.0	0.0	165.0
358.0	33.0	-33.0	0.0	0.0	486.0	770.0	48.0	0.0	113.0
359.0	22.0	-22.0	0.0	0.0	486.0	765.0	53.0	0.0	167.0
360.0	33.0	-33.0	0.0	0.0	495.0	770.0	48.0	0.0	108.0
361.0	21.0	-21.0	0.0	0.0	486.0	775.0	53.0	0.0	170.0
362.0	34.0	-34.0	0.0	0.0	486.0	765.0	48.0	0.0	111.0
363.0	22.0	-22.0	0.0	0.0	495.0	775.0	53.0	0.0	165.0
364.0	33.0	-33.0	0.0	0.0	495.0	775.0	53.0	0.0	165.0
365.0	33.0	-33.0	0.0	0.0	490.0	770.0	53.0	0.0	167.0
366.0	33.0	-33.0	3.0	5.0	495.0	775.0	64.0	2.0	176.0
367.0	35.0	-35.0	0.0	0.0	495.0	770.0	53.0	0.0	164.0
368.0	32.0	-32.0	0.0	0.0	490.0	770.0	53.0	0.0	167.0
369.0	33.0	-33.0	0.0	5.0	495.0	775.0	64.0	2.0	176.0
370.0	35.0	-35.0	0.0	0.0	495.0	775.0	53.0	0.0	165.0
371.0	33.0	-33.0	0.0	0.0	490.0	765.0	53.0	0.0	165.0
372.0	33.0	-33.0	0.0	0.0	490.0	770.0	53.0	0.0	167.0
373.0	33.0	-33.0	0.0	0.0	495.0	775.0	53.0	0.0	165.0
374.0	33.0	-33.0	0.0	0.0	486.0	770.0	48.0	0.0	113.0
375.0	22.0	-22.0	0.0	0.0	490.0	765.0	53.0	0.0	165.0
376.0	33.0	-33.0	0.0	0.0	495.0	775.0	53.0	0.0	165.0
377.0	33.0	-33.0	0.0	0.0	490.0	775.0	53.0	0.0	168.0
378.0	33.0	-33.0	0.0	0.0	486.0	765.0	48.0	0.0	111.0
379.0	22.0	-22.0	0.0	0.0	495.0	775.0	53.0	0.0	165.0
380.0	33.0	-33.0	0.0	0.0	495.0	775.0	53.0	0.0	165.0
381.0	33.0	-33.0	0.0	0.0	490.0	770.0	53.0	0.0	167.0
382.0	33.0	-33.0	0.0	0.0	495.0	770.0	59.0	0.0	170.0
383.0	34.0	-34.0	0.0	0.0	495.0	775.0	53.0	0.0	165.0
384.0	33.0	-33.0	0.0	0.0	490.0	765.0	53.0	0.0	165.0
385.0	33.0	-33.0	0.0	5.0	495.0	775.0	59.0	0.0	171.0
386.0	34.0	-34.0	0.0	0.0	495.0	775.0	53.0	0.0	165.0
387.0	33.0	-33.0	0.0	0.0	490.0	765.0	53.0	0.0	165.0
388.0	33.0	-33.0	0.0	0.0	490.0	770.0	53.0	0.0	167.0
389.0	33.0	-33.0	0.0	0.0	495.0	770.0	48.0	0.0	108.0
390.0	21.0	-21.0	0.0	0.0	486.0	775.0	53.0	0.0	170.0
391.0	34.0	-34.0	0.0	0.0	490.0	765.0	53.0	0.0	165.0
392.0	33.0	-33.0	0.0	0.0	495.0	770.0	48.0	0.0	108.0
393.0	21.0	-21.0	0.0	0.0	486.0	775.0	53.0	0.0	170.0
394.0	34.0	-34.0	0.0	0.0	486.0	765.0	53.0	0.0	167.0
395.0	33.0	-33.0	0.0	0.0	495.0	775.0	53.0	0.0	165.0
396.0	33.0	-33.0	0.0	0.0	495.0	775.0	53.0	0.0	165.0
397.0	33.0	-33.0	0.0	0.0	486.0	765.0	53.0	0.0	167.0
398.0	33.0	-33.0	0.0	0.0	495.0	770.0	59.0	0.0	170.0
399.0	34.0	-34.0	0.0	0.0	495.0	775.0	53.0	0.0	165.0
400.0	33.0	-33.0	0.0	0.0	486.0	765.0	53.0	0.0	167.0
401.0	33.0	-33.0	0.0	11.0	500.0	775.0	64.0	2.0	174.0
402.0	34.0	-34.0	0.0	0.0	495.0	775.0	53.0	0.0	165.0
403.0	33.0	-33.0	0.0	0.0	486.0	775.0	53.0	0.0	170.0
404.0	34.0	-34.0	0.0	0.0	490.0	765.0	53.0	0.0	165.0
405.0	33.0	-33.0	0.0	0.0	495.0	770.0	48.0	0.0	108.0
406.0	21.0	-21.0	0.0	0.0	486.0	775.0	53.0	0.0	170.0
407.0	34.0	-34.0	0.0	0.0	490.0	770.0	53.0	0.0	167.0
408.0	33.0	-33.0	0.0	0.0	495.0	775.0	53.0	0.0	165.0
409.0	33.0	-33.0	0.0	0.0	490.0	775.0	53.0	0.0	168.0
410.0	33.0	-33.0	0.0	0.0	490.0	770.0	53.0	0.0	167.0
411.0	33.0	-33.0	0.0	0.0	495.0	770.0	48.0	0.0	108.0
412.0	21.0	-21.0	0.0	0.0	495.0	775.0	53.0	0.0	165.0
413.0	33.0	-33.0	0.0	0.0	490.0	765.0	53.0	0.0	165.0
414.0	33.0	-33.0	3.0	5.0	495.0	775.0	64.0	2.0	176.0
415.0	35.0	-35.0	0.0	0.0	495.0	775.0	53.0	0.0	165.0
416.0	33.0	-33.0	0.0	0.0	486.0	765.0	53.0	0.0	167.0
417.0	33.0	-33.0	0.0	5.0	500.0	775.0	64.0	2.0	174.0
418.0	34.0	-34.0	0.0	0.0	495.0	775.0	53.0	0.0	165.0
419.0	33.0	-33.0	0.0	0.0	490.0	770.0	53.0	0.0	167.0
420.0	33.0	-33.0	0.0	0.0	490.0	765.0	53.0	0.0	165.0
421.0	33.0	-33.0	0.0	0.0	495.0	770.0	53.0	0.0	164.0
422.0	32.0	-32.0	0.0	0.0	490.0	775.0	53.0	0.0	168.0
423.0	33.0	-33.0	0.0	0.0	486.0	765.0	48.0	0.0	111.0
424.0	22.0	-22.0	0.0	0.0	495.0	775.0	53.0	0.0	165.0
425.0	33.0	-33.0	0.0	0.0	486.0	775.0	53.0	0.0	170.0
426.0	34.0	-34.0	0.0	0.0	490.0	765.0	53.0	0.0	165.0
427.0	33.0	-33.0	0.0	0.0	495.0	775.0	53.0	0.0	165.0
428.0	33.0	-33.0	0.0	0.0	495.0	775.0	53.0	0.0	165.0
429.0	33.0	-33.0	0.0	0.0	486.0	765.0	48.0	0.0	111.0
430.0	22.0	-22.0	3.0	5.0	500.0	775.0	64.0	2.0	174.0
431.0	34.0	-34.0	0.0	0.0	495.0	770.0	53.0	0.0	164.0
432.0	32.0	-32.0	0.0	0.0	490.0	765.0	53.0	0.0	165.0
433.0	33.0	-33.0	0.0	11.0	500.0	775.0	64.0	2.0	174.0
434.0	34.0	-34.0	0.0	0.0	495.0	770.0	48.0	0.0	108.0
435.0	21.0	-21.0	0.0	0.0	490.0	770.0	53.0	0.0	167.0
436.0	33.0	-33.0	0.0	0.0	490.0	770.0	53.0	0.0	167.0
437.0	33.0	-33.0	0.0	0.0	500.0	775.0	53.0	0.0	163.0
438.0	32.0	-32.0	0.0	0.0	490.0	775.0	53.0	0.0	168.0
439.0	33.0	-33.0	0.0	0.0	490.0	765.0	53.0	0.0	165.0
440.0	33.0	-33.0	0.0	0.0	495.0	775.0	53.0	0.0	165.0
441.0	33.0	-33.0	0.0	0.0	486.0	770.0	48.0	0.0	113.0
442.0	22.0	-22.0	0.0	0.0	486.0	765.0	53.0	0.0	167.0
443.0	33.0	-33.0	0.0	0.0	495.0	775.0	53.0	0.0	165.0
444.0	33.0	-33.0	0.0	0.0	495.0	775.0	53.0	0.0	165.0
445.0	33.0	-33.0	0.0	0.0	490.0	770.0	53.0	0.0	167.0
446.0	33.0	-33.0	3.0	5.0	495.0	775.0	59.0	0.0	171.0
447.0	34.0	-34.0	0.0	0.0	495.0	775.0	53.0	0.0	165.0
448.0	33.0	-33.0	0.0	0.0	490.0	770.0	53.0	0.0	167.0
449.0	33.0	-33.0	0.0	5.0	500.0	775.0	64.0	2.0	174.0
450.0	34.0	-34.0	0.0	0.0	495.0	775.0	53.0	0.0	165.0
451.0	33.0	-33.0	0.0	0.0	490.0	770.0	53.0	0.0	167.0
452.0	33.0	-33.0	0.0	0.0	490.0	770.0	53.0	0.0	167.0
453.0	33.0	-33.0	0.0	0.0	495.0	775.0	53.0	0.0	165.0
454.0	33.0	-33.0	0.0	0.0	486.0	770.0	48.0	0.0	113.0
455.0	22.0	-22.0	0.0	0.0	486.0	765.0	53.0	0.0	167.0
456.0	33.0	-33.0	0.0	0.0	495.0	775.0	53.0	0.0	165.0
457.0	33.0	-33.0	0.0	0.0	486.0	775.0	53.0	0.0	170.0
458.0	34.0	-34.0	0.0	0.0	486.0	765.0	53.0	0.0	167.0
459.0	33.0	-33.0	0.0	0.0	495.0	775.0	53.0	0.0	165.0
460.0	33.0	-33.0	0.0	0.0	495.0	775.0	53.0	0.0	165.0
461.0	33.0	-33.0	0.0	0.0	486.0	765.0	53.0	0.0	167.0
462.0	33.0	-33.0	3.0	5.0	500.0	775.0	64.0	2.0	174.0
463.0	34.0	-34.0	0.0	0.0	495.0	775.0	53.0	0.0	165.0
464.0	33.0	-33.0	0.0	0.0	486.0	765.0	53.0	0.0	167.0
465.0	33.0	-33.0	0.0	11.0	500.0	775.0	64.0	2.0	174.0
466.0	34.0	-34.0	0.0	0.0	495.0	775.0	53.0	0.0	165.0
467.0	33.0	-33.0	0.0	0.0	490.0	765.0	53.0	0.0	165.0
468.0	33.0	-33.0	0.0	0.0	490.0	765.0	53.0	0.0	165.0
469.0	33.0	-33.0	0.0	0.0	495.0	775.0	53.0	0.0	165.0
470.0	33.0	-33.0	0.0	0.0	490.0	775.0	53.0	0.0	168.0
471.0	33.0	-33.0	0.0	0.0	486.0	765.0	53.0	0.0	167.0
472.0	33.0	-33.0	0.0	0.0	500.0	775.0	53.0	0.0	163.0
473.0	32.0	-32.0	0.0	0.0	486.0	770.0	48.0	0.0	113.0
474.0	22.0	-22.0	0.0	0.0	486.0	765.0	53.0	0.0	167.0
475.0	33.0	-33.0	0.0	0.0	495.0	775.0	53.0	0.0	165.0
476.0	33.0	-33.0	0.0	0.0	495.0	770.0	48.0	0.0	108.0
477.0	21.0	-21.0	0.0	0.0	490.0	765.0	53.0	0.0	165.0
478.0	33.0	-33.0	3.0	5.0	500.0	775.0	64.0	2.0	174.0
479.0	34.0	-34.0	0.0	0.0	495.0	775.0	53.0	0.0	165.0
480.0	33.0	-33.0	0.0	0.0	490.0	765.0	53.0	0.0	165.0
481.0	33.0	-33.0	0.0	5.0	495.0	775.0	64.0	2.0	176.0
482.0	35.0	-35.0	0.0	0.0	495.0	775.0	53.0	0.0	165.0
483.0	33.0	-33.0	0.0	0.0	486.0	770.0	48.0	0.0	113.0
484.0	22.0	-22.0	0.0	0.0	486.0	765.0	53.0	0.0	167.0
485.0	33.0	-33.0	0.0	0.0	495.0	770.0	48.0	0.0	108.0
486.0	21.0	-21.0	0.0	0.0	486.0	770.0	53.0	0.0	169.0
487.0	33.0	-33.0	0.0	0.0	490.0	770.0	53.0	0.0	167.0
488.0	33.0	-33.0	0.0	0.0	495.0	775.0	53.0	0.0	165.0
489.0	33.0	-33.0	0.0	0.0	486.0	770.0	48.0	0.0	113.0
490.0	22.0	-22.0	0.0	0.0	486.0	765.0	48.0	0.0	111.0
491.0	22.0	-22.0	0.0	0.0	495.0	775.0	53.0	0.0	165.0
492.0	33.0	-33.0	0.0	0.0	495.0	775.0	53.0	0.0	165.0
493.0	33.0	-33.0	0.0	0.0	490.0	765.0	53.0	0.0	165.0
494.0	33.0	-33.0	3.0	5.0	500.0	775.0	64.0	2.0	174.0
495.0	34.0	-34.0	0.0	0.0	495.0	770.0	48.0	0.0	108.0
496.0	21.0	-21.0	0.0	0.0	486.0	765.0	53.0	0.0	167.0
497.0	33.0	-33.0	0.0	11.0	500.0	775.0	64.0	2.0	174.0
498.0	34.0	-34.0	0.0	0.0	495.0	770.0	48.0	0.0	108.0
499.0	21.0	-21.0	0.0	0.0	490.0	775.0	53.0	0.0	168.0
